WP_168048067.1	WP_011429717.1	0.800	65	0.903	0.903	4.702E-28
WP_168048067.1	WP_235277851.1	0.800	65	0.903	0.903	4.702E-28
WP_168048067.1	WP_414362100.1	0.800	65	0.903	0.867	4.702E-28
WP_168048067.1	WP_414404485.1	0.800	65	0.903	0.867	4.702E-28
WP_176235518.1	WP_011429717.1	0.852	68	1.000	0.944	1.507E-32
WP_176235518.1	WP_190804824.1	0.852	68	1.000	0.944	1.507E-32
WP_176235518.1	WP_235277851.1	0.852	68	1.000	0.944	1.507E-32
WP_176235518.1	WP_414404485.1	0.852	68	1.000	0.907	1.507E-32
WP_176235518.1	GAB4214070.1	0.838	68	1.000	0.944	5.361E-32
WP_176235518.1	WP_414362100.1	0.838	68	1.000	0.907	5.361E-32
WP_176235518.1	WP_168569945.1	0.867	68	1.000	0.944	1.011E-31
WP_176235518.1	WP_015224598.1	0.867	68	1.000	0.944	1.388E-31
WP_176235518.1	WP_015229078.1	0.852	68	1.000	0.944	1.906E-31
WP_176235518.1	WP_414395174.1	0.838	68	1.000	0.907	1.906E-31
WP_176235518.1	WP_324632560.1	0.838	68	1.000	0.944	4.938E-31
WP_176235518.1	WP_502249006.1	0.838	68	1.000	0.944	6.781E-31
WP_176235518.1	WP_054464971.1	0.808	68	1.000	0.944	2.412E-30
WP_375594093.1	GAB4214070.1	0.823	68	0.810	0.944	1.165E-31
WP_375594093.1	WP_011429717.1	0.823	68	0.810	0.944	1.165E-31
WP_375594093.1	WP_190804824.1	0.823	68	0.810	0.944	1.165E-31
WP_375594093.1	WP_235277851.1	0.823	68	0.810	0.944	1.165E-31
WP_375594093.1	WP_414362100.1	0.823	68	0.810	0.907	1.165E-31
WP_375594093.1	WP_414404485.1	0.823	68	0.810	0.907	1.165E-31
WP_375594093.1	WP_414395174.1	0.808	68	0.810	0.907	1.470E-30
WP_215831982.1	GAB4214070.1	0.812	64	0.821	0.889	1.917E-29
WP_215831982.1	WP_011429717.1	0.812	64	0.821	0.889	1.917E-29
WP_215831982.1	WP_190804824.1	0.812	64	0.821	0.889	1.917E-29
WP_215831982.1	WP_235277851.1	0.812	64	0.821	0.889	1.917E-29
WP_215831982.1	WP_414362100.1	0.812	64	0.821	0.853	1.917E-29
WP_215831982.1	WP_414404485.1	0.812	64	0.821	0.853	1.917E-29
WP_215831982.1	WP_324632560.1	0.812	64	0.821	0.889	2.632E-29
WP_015494765.1	WP_011429717.1	0.835	67	1.000	0.931	2.938E-33
WP_015494765.1	WP_190804824.1	0.835	67	1.000	0.931	2.938E-33
WP_015494765.1	WP_235277851.1	0.835	67	1.000	0.931	2.938E-33
WP_015494765.1	WP_414404485.1	0.835	67	1.000	0.893	2.938E-33
WP_015494765.1	WP_168569945.1	0.850	67	1.000	0.931	5.540E-33
WP_015494765.1	WP_324632560.1	0.850	67	1.000	0.931	7.607E-33
WP_015494765.1	GAB4214070.1	0.820	67	1.000	0.931	1.045E-32
WP_015494765.1	WP_502249006.1	0.850	67	1.000	0.931	1.045E-32
WP_015494765.1	WP_414362100.1	0.820	67	1.000	0.893	1.045E-32
WP_015494765.1	WP_054464971.1	0.848	66	0.985	0.917	1.435E-32
WP_015494765.1	WP_414395174.1	0.820	67	1.000	0.893	3.715E-32
WP_015494765.1	WP_015229078.1	0.850	67	1.000	0.931	5.101E-32
WP_015494765.1	WP_015224598.1	0.835	67	1.000	0.931	7.006E-32
WP_015494765.1	ABG51547.1	0.828	64	0.955	0.889	9.621E-32
WP_115480453.1	WP_096607388.1	0.810	58	0.817	0.806	5.235E-26
WP_136922933.1	GAB4214070.1	0.823	68	0.944	0.944	1.995E-33
WP_136922933.1	WP_011429717.1	0.823	68	0.944	0.944	1.995E-33
WP_136922933.1	WP_190804824.1	0.823	68	0.944	0.944	1.995E-33
WP_136922933.1	WP_235277851.1	0.823	68	0.944	0.944	1.995E-33
WP_136922933.1	WP_414362100.1	0.823	68	0.944	0.907	1.995E-33
WP_136922933.1	WP_414404485.1	0.823	68	0.944	0.907	1.995E-33
WP_136922933.1	WP_324632560.1	0.808	68	0.944	0.944	2.521E-32
WP_136922933.1	WP_414395174.1	0.808	68	0.944	0.907	2.521E-32
WP_168922290.1	WP_011429717.1	0.855	69	0.958	0.958	1.058E-33
WP_168922290.1	WP_190804824.1	0.855	69	0.958	0.958	1.058E-33
WP_168922290.1	WP_235277851.1	0.855	69	0.958	0.958	1.058E-33
WP_168922290.1	WP_414404485.1	0.855	69	0.958	0.920	1.058E-33
WP_168922290.1	GAB4214070.1	0.840	69	0.958	0.958	3.761E-33
WP_168922290.1	WP_414362100.1	0.840	69	0.958	0.920	3.761E-33
WP_168922290.1	WP_414395174.1	0.840	69	0.958	0.920	1.337E-32
WP_275118280.1	WP_324632560.1	0.803	61	0.847	0.847	5.956E-27
WP_274691980.1	WP_011429717.1	0.811	69	0.958	0.958	1.836E-32
WP_274691980.1	WP_190804824.1	0.811	69	0.958	0.958	1.836E-32
WP_274691980.1	WP_235277851.1	0.811	69	0.958	0.958	1.836E-32
WP_274691980.1	WP_414404485.1	0.811	69	0.958	0.920	1.836E-32
WP_011769645.1	WP_011429717.1	0.811	69	0.958	0.958	6.011E-31
WP_011769645.1	WP_190804824.1	0.811	69	0.958	0.958	6.011E-31
WP_011769645.1	WP_235277851.1	0.811	69	0.958	0.958	6.011E-31
WP_011769645.1	WP_414404485.1	0.811	69	0.958	0.920	6.011E-31
WP_372960227.1	WP_054464971.1	0.811	69	0.986	0.958	1.116E-31
WP_372960227.1	GAB4214070.1	0.887	62	0.886	0.861	2.890E-31
WP_372960227.1	WP_011429717.1	0.887	62	0.886	0.861	2.890E-31
WP_372960227.1	WP_190804824.1	0.887	62	0.886	0.861	2.890E-31
WP_372960227.1	WP_235277851.1	0.887	62	0.886	0.861	2.890E-31
WP_372960227.1	WP_414362100.1	0.887	62	0.886	0.827	2.890E-31
WP_372960227.1	WP_414404485.1	0.887	62	0.886	0.827	2.890E-31
WP_372960227.1	ABG51547.1	0.854	62	0.886	0.861	1.028E-30
WP_372960227.1	ABG51546.1	0.838	62	0.886	0.827	1.938E-30
WP_372960227.1	WP_414395174.1	0.870	62	0.886	0.827	3.655E-30
WP_012508536.1	WP_011429717.1	0.882	68	1.000	0.944	4.240E-33
WP_012508536.1	WP_190804824.1	0.882	68	1.000	0.944	4.240E-33
WP_012508536.1	WP_235277851.1	0.882	68	1.000	0.944	4.240E-33
WP_012508536.1	WP_414404485.1	0.882	68	1.000	0.907	4.240E-33
WP_012508536.1	GAB4214070.1	0.867	68	1.000	0.944	1.507E-32
WP_012508536.1	WP_414362100.1	0.867	68	1.000	0.907	1.507E-32
WP_012508536.1	WP_015224598.1	0.852	68	1.000	0.944	2.843E-32
WP_012508536.1	WP_015229078.1	0.838	68	1.000	0.944	3.904E-32
WP_012508536.1	WP_414395174.1	0.867	68	1.000	0.907	5.361E-32
WP_012508536.1	WP_168569945.1	0.808	68	1.000	0.944	7.362E-32
WP_012508536.1	WP_324632560.1	0.808	68	1.000	0.944	1.906E-31
WP_012508536.1	ABG51547.1	0.823	68	1.000	0.944	2.618E-31
WP_012508536.1	ABG51546.1	0.823	68	1.000	0.907	2.618E-31
WP_012508536.1	WP_054464971.1	0.808	68	1.000	0.944	4.938E-31
WP_107562013.1	WP_011429717.1	0.901	71	1.000	0.986	1.190E-35
WP_107562013.1	WP_190804824.1	0.901	71	1.000	0.986	1.190E-35
WP_107562013.1	WP_235277851.1	0.901	71	1.000	0.986	1.190E-35
WP_107562013.1	WP_414404485.1	0.901	71	1.000	0.947	1.190E-35
WP_107562013.1	GAB4214070.1	0.887	71	1.000	0.986	4.230E-35
WP_107562013.1	WP_414362100.1	0.887	71	1.000	0.947	4.230E-35
WP_107562013.1	WP_414395174.1	0.887	71	1.000	0.947	1.503E-34
WP_107562013.1	WP_168569945.1	0.830	71	1.000	0.986	4.917E-33
WP_107562013.1	WP_015224598.1	0.830	71	1.000	0.986	6.752E-33
WP_107562013.1	WP_015229078.1	0.816	71	1.000	0.986	9.271E-33
WP_107562013.1	ABG51546.1	0.828	70	0.986	0.933	9.271E-33
WP_107562013.1	WP_096607388.1	0.802	71	1.000	0.986	1.273E-32
WP_107562013.1	WP_324632560.1	0.830	71	1.000	0.986	1.273E-32
WP_107562013.1	ABG51547.1	0.816	71	1.000	0.986	1.748E-32
WP_107562013.1	WP_502249006.1	0.802	71	1.000	0.986	4.526E-32
WP_107562013.1	WP_054464971.1	0.802	71	1.000	0.986	6.215E-32
WP_052562317.1	WP_011429717.1	0.840	69	0.958	0.958	1.058E-33
WP_052562317.1	WP_190804824.1	0.840	69	0.958	0.958	1.058E-33
WP_052562317.1	WP_235277851.1	0.840	69	0.958	0.958	1.058E-33
WP_052562317.1	WP_414404485.1	0.840	69	0.958	0.920	1.058E-33
WP_052562317.1	GAB4214070.1	0.826	69	0.958	0.958	3.761E-33
WP_052562317.1	WP_414362100.1	0.826	69	0.958	0.920	3.761E-33
WP_052562317.1	WP_414395174.1	0.826	69	0.958	0.920	1.337E-32
WP_052562317.1	WP_015229078.1	0.811	69	0.958	0.958	8.964E-32
WP_052562317.1	WP_054464971.1	0.811	69	0.958	0.958	1.690E-31
WP_104809704.1	WP_011429717.1	0.867	68	1.000	0.944	1.507E-32
WP_104809704.1	WP_190804824.1	0.867	68	1.000	0.944	1.507E-32
WP_104809704.1	WP_235277851.1	0.867	68	1.000	0.944	1.507E-32
WP_104809704.1	WP_414404485.1	0.867	68	1.000	0.907	1.507E-32
WP_104809704.1	GAB4214070.1	0.852	68	1.000	0.944	5.361E-32
WP_104809704.1	WP_414362100.1	0.852	68	1.000	0.907	5.361E-32
WP_104809704.1	WP_015224598.1	0.838	68	1.000	0.944	1.011E-31
WP_104809704.1	WP_015229078.1	0.823	68	1.000	0.944	1.388E-31
WP_104809704.1	WP_168569945.1	0.823	68	1.000	0.944	1.388E-31
WP_104809704.1	WP_414395174.1	0.852	68	1.000	0.907	1.906E-31
WP_104809704.1	ABG51547.1	0.838	68	1.000	0.944	4.938E-31
WP_104809704.1	ABG51546.1	0.838	68	1.000	0.907	4.938E-31
WP_149998199.1	WP_190804824.1	0.815	65	0.855	0.903	4.896E-30
WP_149998199.1	WP_235277851.1	0.815	65	0.855	0.903	4.896E-30
WP_149998199.1	GAB4214070.1	0.800	65	0.855	0.903	1.741E-29
WP_149998199.1	WP_015224598.1	0.806	62	0.816	0.861	4.154E-28
WP_097645229.1	WP_011429717.1	0.859	71	1.000	0.986	1.634E-35
WP_097645229.1	WP_190804824.1	0.859	71	1.000	0.986	1.634E-35
WP_097645229.1	WP_235277851.1	0.859	71	1.000	0.986	1.634E-35
WP_097645229.1	WP_414404485.1	0.859	71	1.000	0.947	1.634E-35
WP_097645229.1	GAB4214070.1	0.845	71	1.000	0.986	5.807E-35
WP_097645229.1	WP_168569945.1	0.859	71	1.000	0.986	5.807E-35
WP_097645229.1	WP_414362100.1	0.845	71	1.000	0.947	5.807E-35
WP_097645229.1	WP_414395174.1	0.845	71	1.000	0.947	2.064E-34
WP_097645229.1	WP_324632560.1	0.830	71	1.000	0.986	2.834E-34
WP_097645229.1	WP_502249006.1	0.830	71	1.000	0.986	5.343E-34
WP_097645229.1	WP_096607388.1	0.802	71	1.000	0.986	1.899E-33
WP_097645229.1	ABG51547.1	0.816	71	1.000	0.986	2.608E-33
WP_097645229.1	WP_054464971.1	0.816	71	1.000	0.986	2.608E-33
WP_097645229.1	ABG51546.1	0.814	70	0.986	0.933	2.608E-33
WP_097645229.1	WP_335072082.1	0.802	71	1.000	0.910	1.748E-32
WP_295448790.1	WP_298916699.1	0.806	62	0.849	0.827	1.387E-28
WP_134699217.1	WP_168569945.1	0.819	61	0.824	0.847	7.116E-28
WP_134699217.1	WP_324632560.1	0.803	61	0.824	0.847	1.342E-27
WP_183851985.1	WP_011429717.1	0.855	69	0.986	0.958	3.704E-34
WP_183851985.1	WP_190804824.1	0.855	69	0.986	0.958	3.704E-34
WP_183851985.1	WP_235277851.1	0.855	69	0.986	0.958	3.704E-34
WP_183851985.1	WP_414404485.1	0.855	69	0.986	0.920	3.704E-34
WP_183851985.1	GAB4214070.1	0.840	69	0.986	0.958	1.317E-33
WP_183851985.1	WP_414362100.1	0.840	69	0.986	0.920	1.317E-33
WP_183851985.1	WP_414395174.1	0.840	69	0.986	0.920	4.680E-33
WP_183851985.1	WP_168569945.1	0.850	67	0.957	0.931	6.427E-33
WP_183851985.1	WP_096607388.1	0.835	67	0.957	0.931	1.664E-32
WP_183851985.1	WP_015224598.1	0.865	67	0.957	0.931	2.285E-32
WP_183851985.1	ABG51547.1	0.828	64	0.914	0.889	3.138E-32
WP_183851985.1	WP_015229078.1	0.850	67	0.957	0.931	3.138E-32
WP_183851985.1	WP_324632560.1	0.820	67	0.957	0.931	3.138E-32
WP_183851985.1	ABG51546.1	0.828	64	0.914	0.853	3.138E-32
WP_183851985.1	WP_502249006.1	0.820	67	0.957	0.931	4.309E-32
WP_183851985.1	WP_054464971.1	0.859	64	0.914	0.889	5.917E-32
WP_013706740.1	WP_011429717.1	0.826	69	0.958	0.958	3.761E-33
WP_013706740.1	WP_190804824.1	0.826	69	0.958	0.958	3.761E-33
WP_013706740.1	WP_235277851.1	0.826	69	0.958	0.958	3.761E-33
WP_013706740.1	WP_414404485.1	0.826	69	0.958	0.920	3.761E-33
WP_013706740.1	GAB4214070.1	0.811	69	0.958	0.958	1.337E-32
WP_013706740.1	WP_414362100.1	0.811	69	0.958	0.920	1.337E-32
WP_013706740.1	WP_015229078.1	0.811	69	0.958	0.958	4.754E-32
WP_013706740.1	WP_414395174.1	0.811	69	0.958	0.920	4.754E-32
WP_013706740.1	WP_054464971.1	0.811	69	0.958	0.958	6.528E-32
WP_188484346.1	WP_011429717.1	0.840	69	0.908	0.958	5.777E-32
WP_188484346.1	WP_190804824.1	0.840	69	0.908	0.958	5.777E-32
WP_188484346.1	WP_235277851.1	0.840	69	0.908	0.958	5.777E-32
WP_188484346.1	WP_414404485.1	0.840	69	0.908	0.920	5.777E-32
WP_188484346.1	GAB4214070.1	0.826	69	0.908	0.958	2.054E-31
WP_188484346.1	WP_414362100.1	0.826	69	0.908	0.920	2.054E-31
WP_188484346.1	WP_414395174.1	0.826	69	0.908	0.920	7.302E-31
WP_094376571.1	WP_168569945.1	0.844	58	0.829	0.806	2.085E-27
WP_011357439.1	WP_011429717.1	0.882	68	1.000	0.944	7.994E-33
WP_011357439.1	WP_190804824.1	0.882	68	1.000	0.944	7.994E-33
WP_011357439.1	WP_235277851.1	0.882	68	1.000	0.944	7.994E-33
WP_011357439.1	WP_414404485.1	0.882	68	1.000	0.907	7.994E-33
WP_011357439.1	GAB4214070.1	0.867	68	1.000	0.944	2.843E-32
WP_011357439.1	WP_414362100.1	0.867	68	1.000	0.907	2.843E-32
WP_011357439.1	WP_015224598.1	0.852	68	1.000	0.944	5.361E-32
WP_011357439.1	WP_015229078.1	0.838	68	1.000	0.944	7.362E-32
WP_011357439.1	WP_414395174.1	0.867	68	1.000	0.907	1.011E-31
WP_011357439.1	ABG51547.1	0.838	68	1.000	0.944	1.388E-31
WP_011357439.1	WP_168569945.1	0.808	68	1.000	0.944	1.388E-31
WP_011357439.1	ABG51546.1	0.838	68	1.000	0.907	1.388E-31
WP_011357439.1	WP_324632560.1	0.808	68	1.000	0.944	3.595E-31
WP_011357439.1	WP_054464971.1	0.808	68	1.000	0.944	9.312E-31
WP_018390783.1	WP_011429717.1	0.869	69	0.986	0.958	5.528E-35
WP_018390783.1	WP_190804824.1	0.869	69	0.986	0.958	5.528E-35
WP_018390783.1	WP_235277851.1	0.869	69	0.986	0.958	5.528E-35
WP_018390783.1	WP_414404485.1	0.869	69	0.986	0.920	5.528E-35
WP_018390783.1	GAB4214070.1	0.855	69	0.986	0.958	1.965E-34
WP_018390783.1	WP_414362100.1	0.855	69	0.986	0.920	1.965E-34
WP_018390783.1	WP_414395174.1	0.855	69	0.986	0.920	6.983E-34
WP_018390783.1	WP_168569945.1	0.865	67	0.957	0.931	1.317E-33
WP_018390783.1	WP_015224598.1	0.895	67	0.957	0.931	2.482E-33
WP_018390783.1	WP_015229078.1	0.880	67	0.957	0.931	3.409E-33
WP_018390783.1	WP_096607388.1	0.820	67	0.957	0.931	6.427E-33
WP_018390783.1	WP_324632560.1	0.835	67	0.957	0.931	6.427E-33
WP_018390783.1	ABG51546.1	0.811	69	0.986	0.920	6.427E-33
WP_018390783.1	WP_502249006.1	0.835	67	0.957	0.931	8.825E-33
WP_018390783.1	ABG51547.1	0.843	64	0.914	0.889	1.212E-32
WP_018390783.1	WP_054464971.1	0.875	64	0.914	0.889	2.285E-32
WP_223643714.1	GAB4214070.1	0.825	63	0.851	0.875	8.381E-30
WP_223643714.1	WP_190804824.1	0.825	63	0.851	0.875	8.381E-30
WP_223643714.1	WP_011429717.1	0.822	62	0.838	0.861	2.171E-29
WP_223643714.1	WP_235277851.1	0.822	62	0.838	0.861	2.171E-29
WP_223643714.1	WP_414362100.1	0.822	62	0.838	0.827	2.171E-29
WP_223643714.1	WP_414404485.1	0.822	62	0.838	0.827	2.171E-29
WP_223643714.1	WP_414395174.1	0.806	62	0.838	0.827	2.747E-28
WP_304825881.1	WP_011429717.1	0.826	69	0.958	0.958	3.761E-33
WP_304825881.1	WP_190804824.1	0.826	69	0.958	0.958	3.761E-33
WP_304825881.1	WP_235277851.1	0.826	69	0.958	0.958	3.761E-33
WP_304825881.1	WP_414404485.1	0.826	69	0.958	0.920	3.761E-33
WP_304825881.1	GAB4214070.1	0.811	69	0.958	0.958	1.337E-32
WP_304825881.1	WP_414362100.1	0.811	69	0.958	0.920	1.337E-32
WP_304825881.1	WP_414395174.1	0.811	69	0.958	0.920	4.754E-32
WP_304825881.1	WP_054464971.1	0.811	69	0.958	0.958	8.964E-32
WP_026199334.1	WP_011429717.1	0.811	69	0.958	0.958	4.754E-32
WP_026199334.1	WP_190804824.1	0.811	69	0.958	0.958	4.754E-32
WP_026199334.1	WP_235277851.1	0.811	69	0.958	0.958	4.754E-32
WP_026199334.1	WP_414404485.1	0.811	69	0.958	0.920	4.754E-32
WP_026199334.1	WP_298916699.1	0.825	63	0.875	0.840	5.102E-29
WP_018402864.1	WP_011429717.1	0.811	69	0.958	0.958	4.754E-32
WP_018402864.1	WP_190804824.1	0.811	69	0.958	0.958	4.754E-32
WP_018402864.1	WP_235277851.1	0.811	69	0.958	0.958	4.754E-32
WP_018402864.1	WP_414404485.1	0.811	69	0.958	0.920	4.754E-32
WP_435011894.1	WP_011429717.1	0.811	69	0.958	0.958	1.557E-30
WP_435011894.1	WP_190804824.1	0.811	69	0.958	0.958	1.557E-30
WP_435011894.1	WP_235277851.1	0.811	69	0.958	0.958	1.557E-30
WP_435011894.1	WP_414404485.1	0.811	69	0.958	0.920	1.557E-30
WP_295848159.1	WP_011429717.1	0.815	65	0.929	0.903	1.199E-28
WP_295848159.1	WP_190804824.1	0.815	65	0.929	0.903	1.199E-28
WP_295848159.1	WP_235277851.1	0.815	65	0.929	0.903	1.199E-28
WP_295848159.1	WP_414404485.1	0.815	65	0.929	0.867	1.199E-28
WP_295848159.1	GAB4214070.1	0.825	63	0.900	0.875	2.261E-28
WP_295848159.1	WP_054464971.1	0.803	66	0.943	0.917	2.261E-28
WP_295848159.1	WP_414362100.1	0.825	63	0.900	0.840	2.261E-28
WP_295848159.1	ABG51547.1	0.809	63	0.900	0.875	1.518E-27
WP_295848159.1	ABG51546.1	0.809	63	0.900	0.840	1.518E-27
WP_295848159.1	WP_414395174.1	0.800	65	0.929	0.867	1.518E-27
WP_011357441.1	WP_011429717.1	0.897	68	1.000	0.944	1.637E-33
WP_011357441.1	WP_190804824.1	0.897	68	1.000	0.944	1.637E-33
WP_011357441.1	WP_235277851.1	0.897	68	1.000	0.944	1.637E-33
WP_011357441.1	WP_414404485.1	0.897	68	1.000	0.907	1.637E-33
WP_011357441.1	GAB4214070.1	0.882	68	1.000	0.944	5.822E-33
WP_011357441.1	WP_414362100.1	0.882	68	1.000	0.907	5.822E-33
WP_011357441.1	WP_015224598.1	0.867	68	1.000	0.944	1.098E-32
WP_011357441.1	WP_015229078.1	0.852	68	1.000	0.944	1.507E-32
WP_011357441.1	WP_414395174.1	0.882	68	1.000	0.907	2.070E-32
WP_011357441.1	WP_168569945.1	0.823	68	1.000	0.944	2.843E-32
WP_011357441.1	WP_324632560.1	0.823	68	1.000	0.944	7.362E-32
WP_011357441.1	ABG51547.1	0.838	68	1.000	0.944	1.011E-31
WP_011357441.1	WP_096607388.1	0.808	68	1.000	0.944	1.011E-31
WP_011357441.1	ABG51546.1	0.838	68	1.000	0.907	1.011E-31
WP_011357441.1	WP_054464971.1	0.823	68	1.000	0.944	1.906E-31
WP_341471618.1	GAB4214070.1	0.888	72	1.000	1.000	1.360E-36
WP_341471618.1	WP_190804824.1	0.888	72	1.000	1.000	1.360E-36
WP_341471618.1	WP_011429717.1	0.887	71	0.986	0.986	3.519E-36
WP_341471618.1	WP_235277851.1	0.887	71	0.986	0.986	3.519E-36
WP_341471618.1	WP_414362100.1	0.887	71	0.986	0.947	3.519E-36
WP_341471618.1	WP_414404485.1	0.887	71	0.986	0.947	3.519E-36
WP_341471618.1	WP_414395174.1	0.873	71	0.986	0.947	4.443E-35
WP_341471618.1	WP_293126616.1	0.833	72	1.000	0.800	6.101E-35
WP_341471618.1	WP_335072082.1	0.845	71	0.986	0.910	8.377E-35
WP_341471618.1	WP_015229078.1	0.830	71	0.986	0.986	1.579E-34
WP_341471618.1	WP_324632560.1	0.830	71	0.986	0.986	1.579E-34
WP_341471618.1	WP_015224598.1	0.816	71	0.986	0.986	2.168E-34
WP_341471618.1	WP_168569945.1	0.816	71	0.986	0.986	2.168E-34
WP_341471618.1	WP_502249006.1	0.805	72	1.000	1.000	2.168E-34
WP_341471618.1	WP_298916699.1	0.816	71	0.986	0.947	4.088E-34
WP_341471618.1	ABG51547.1	0.819	72	1.000	1.000	5.612E-34
WP_341471618.1	ABG51546.1	0.814	70	0.972	0.933	1.453E-33
WP_341471618.1	WP_054464971.1	0.816	71	0.986	0.986	3.761E-33
WP_341471618.1	WP_096607388.1	0.802	71	0.986	0.986	3.761E-33
WP_224249737.1	GAB4214070.1	0.838	68	0.932	0.944	1.404E-32
WP_224249737.1	WP_011429717.1	0.838	68	0.932	0.944	1.404E-32
WP_224249737.1	WP_190804824.1	0.838	68	0.932	0.944	1.404E-32
WP_224249737.1	WP_235277851.1	0.838	68	0.932	0.944	1.404E-32
WP_224249737.1	WP_414362100.1	0.838	68	0.932	0.907	1.404E-32
WP_224249737.1	WP_414404485.1	0.838	68	0.932	0.907	1.404E-32
WP_224249737.1	WP_324632560.1	0.823	68	0.932	0.944	1.775E-31
WP_224249737.1	WP_414395174.1	0.823	68	0.932	0.907	1.775E-31
WP_220598475.1	WP_011429717.1	0.887	71	1.000	0.986	1.777E-36
WP_220598475.1	WP_190804824.1	0.887	71	1.000	0.986	1.777E-36
WP_220598475.1	WP_235277851.1	0.887	71	1.000	0.986	1.777E-36
WP_220598475.1	WP_414404485.1	0.887	71	1.000	0.947	1.777E-36
WP_220598475.1	GAB4214070.1	0.873	71	1.000	0.986	6.314E-36
WP_220598475.1	WP_414362100.1	0.873	71	1.000	0.947	6.314E-36
WP_220598475.1	WP_414395174.1	0.873	71	1.000	0.947	2.244E-35
WP_220598475.1	WP_168569945.1	0.845	71	1.000	0.986	1.095E-34
WP_220598475.1	WP_096607388.1	0.845	71	1.000	0.986	1.503E-34
WP_220598475.1	ABG51547.1	0.830	71	1.000	0.986	2.834E-34
WP_220598475.1	WP_015229078.1	0.845	71	1.000	0.986	2.834E-34
WP_220598475.1	WP_324632560.1	0.845	71	1.000	0.986	2.834E-34
WP_220598475.1	WP_015224598.1	0.830	71	1.000	0.986	3.891E-34
WP_220598475.1	WP_502249006.1	0.816	71	1.000	0.986	7.336E-34
WP_220598475.1	ABG51546.1	0.800	70	0.986	0.933	1.007E-33
WP_220598475.1	WP_054464971.1	0.830	71	1.000	0.986	1.383E-33
WP_220598475.1	WP_335072082.1	0.816	71	1.000	0.910	1.383E-33
WP_142864691.1	WP_011429717.1	0.826	69	0.958	0.958	1.836E-32
WP_142864691.1	WP_190804824.1	0.826	69	0.958	0.958	1.836E-32
WP_142864691.1	WP_235277851.1	0.826	69	0.958	0.958	1.836E-32
WP_142864691.1	WP_414404485.1	0.826	69	0.958	0.920	1.836E-32
WP_142864691.1	WP_015224598.1	0.826	69	0.958	0.958	4.754E-32
WP_142864691.1	GAB4214070.1	0.811	69	0.958	0.958	6.528E-32
WP_142864691.1	WP_015229078.1	0.811	69	0.958	0.958	6.528E-32
WP_142864691.1	WP_414362100.1	0.811	69	0.958	0.920	6.528E-32
WP_142864691.1	WP_168569945.1	0.811	69	0.958	0.958	2.321E-31
WP_142864691.1	WP_414395174.1	0.811	69	0.958	0.920	2.321E-31
WP_142864691.1	WP_324632560.1	0.811	69	0.958	0.958	3.187E-31
WP_142864691.1	WP_502249006.1	0.811	69	0.958	0.958	6.011E-31
WP_435550518.1	WP_011429717.1	0.840	69	0.958	0.958	1.453E-33
WP_435550518.1	WP_190804824.1	0.840	69	0.958	0.958	1.453E-33
WP_435550518.1	WP_235277851.1	0.840	69	0.958	0.958	1.453E-33
WP_435550518.1	WP_414404485.1	0.840	69	0.958	0.920	1.453E-33
WP_435550518.1	GAB4214070.1	0.826	69	0.958	0.958	5.165E-33
WP_435550518.1	WP_414362100.1	0.826	69	0.958	0.920	5.165E-33
WP_435550518.1	WP_414395174.1	0.826	69	0.958	0.920	1.836E-32
WP_435550518.1	WP_054464971.1	0.811	69	0.958	0.958	6.528E-32
WP_134492829.1	WP_011429717.1	0.840	69	0.958	0.958	3.761E-33
WP_134492829.1	WP_190804824.1	0.840	69	0.958	0.958	3.761E-33
WP_134492829.1	WP_235277851.1	0.840	69	0.958	0.958	3.761E-33
WP_134492829.1	WP_414404485.1	0.840	69	0.958	0.920	3.761E-33
WP_134492829.1	GAB4214070.1	0.826	69	0.958	0.958	1.337E-32
WP_134492829.1	WP_414362100.1	0.826	69	0.958	0.920	1.337E-32
WP_134492829.1	WP_414395174.1	0.826	69	0.958	0.920	4.754E-32
WP_134492829.1	WP_324632560.1	0.811	69	0.958	0.958	2.321E-31
WP_200348319.1	WP_011429717.1	0.840	69	0.958	0.958	9.738E-33
WP_200348319.1	WP_190804824.1	0.840	69	0.958	0.958	9.738E-33
WP_200348319.1	WP_235277851.1	0.840	69	0.958	0.958	9.738E-33
WP_200348319.1	WP_414404485.1	0.840	69	0.958	0.920	9.738E-33
WP_200348319.1	GAB4214070.1	0.826	69	0.958	0.958	3.462E-32
WP_200348319.1	WP_414362100.1	0.826	69	0.958	0.920	3.462E-32
WP_200348319.1	WP_414395174.1	0.826	69	0.958	0.920	1.231E-31
WP_121937738.1	GAB4214070.1	0.823	68	0.810	0.944	8.482E-32
WP_121937738.1	WP_011429717.1	0.823	68	0.810	0.944	8.482E-32
WP_121937738.1	WP_190804824.1	0.823	68	0.810	0.944	8.482E-32
WP_121937738.1	WP_235277851.1	0.823	68	0.810	0.944	8.482E-32
WP_121937738.1	WP_414362100.1	0.823	68	0.810	0.907	8.482E-32
WP_121937738.1	WP_414404485.1	0.823	68	0.810	0.907	8.482E-32
WP_121937738.1	WP_414395174.1	0.808	68	0.810	0.907	1.071E-30
WP_428403798.1	WP_015224598.1	0.826	69	0.958	0.958	7.092E-33
WP_428403798.1	WP_011429717.1	0.826	69	0.958	0.958	9.738E-33
WP_428403798.1	WP_015229078.1	0.811	69	0.958	0.958	9.738E-33
WP_428403798.1	WP_190804824.1	0.826	69	0.958	0.958	9.738E-33
WP_428403798.1	WP_235277851.1	0.826	69	0.958	0.958	9.738E-33
WP_428403798.1	WP_414404485.1	0.826	69	0.958	0.920	9.738E-33
WP_428403798.1	GAB4214070.1	0.811	69	0.958	0.958	3.462E-32
WP_428403798.1	WP_414362100.1	0.811	69	0.958	0.920	3.462E-32
WP_428403798.1	WP_414395174.1	0.811	69	0.958	0.920	1.231E-31
WP_301077186.1	GAB4214070.1	0.826	69	0.958	0.958	2.739E-33
WP_301077186.1	WP_011429717.1	0.826	69	0.958	0.958	2.739E-33
WP_301077186.1	WP_190804824.1	0.826	69	0.958	0.958	2.739E-33
WP_301077186.1	WP_235277851.1	0.826	69	0.958	0.958	2.739E-33
WP_301077186.1	WP_414362100.1	0.826	69	0.958	0.920	2.739E-33
WP_301077186.1	WP_414404485.1	0.826	69	0.958	0.920	2.739E-33
WP_301077186.1	WP_015229078.1	0.811	69	0.958	0.958	9.738E-33
WP_301077186.1	WP_054464971.1	0.826	69	0.958	0.958	1.836E-32
WP_301077186.1	WP_414395174.1	0.811	69	0.958	0.920	3.462E-32
WP_120798278.1	WP_011429717.1	0.840	69	0.958	0.958	3.462E-32
WP_120798278.1	WP_190804824.1	0.840	69	0.958	0.958	3.462E-32
WP_120798278.1	WP_235277851.1	0.840	69	0.958	0.958	3.462E-32
WP_120798278.1	WP_414404485.1	0.840	69	0.958	0.920	3.462E-32
WP_120798278.1	GAB4214070.1	0.826	69	0.958	0.958	1.231E-31
WP_120798278.1	WP_414362100.1	0.826	69	0.958	0.920	1.231E-31
WP_120798278.1	WP_414395174.1	0.826	69	0.958	0.920	4.377E-31
WP_120798278.1	WP_096607388.1	0.825	63	0.875	0.875	1.044E-29
WP_291003874.1	WP_168569945.1	0.846	65	0.942	0.903	2.003E-31
WP_291003874.1	WP_324632560.1	0.859	64	0.928	0.889	5.188E-31
WP_291003874.1	GAB4214070.1	0.828	64	0.928	0.889	7.124E-31
WP_291003874.1	WP_414362100.1	0.828	64	0.928	0.853	7.124E-31
WP_291003874.1	WP_502249006.1	0.828	64	0.928	0.889	1.344E-30
WP_291003874.1	WP_015224598.1	0.828	64	0.928	0.889	1.845E-30
WP_291003874.1	WP_015229078.1	0.812	64	0.928	0.889	2.534E-30
WP_291003874.1	WP_054464971.1	0.812	64	0.928	0.889	1.238E-29
WP_142224076.1	WP_011429717.1	0.880	67	0.957	0.931	2.697E-34
WP_142224076.1	WP_190804824.1	0.880	67	0.957	0.931	2.697E-34
WP_142224076.1	WP_235277851.1	0.880	67	0.957	0.931	2.697E-34
WP_142224076.1	WP_414404485.1	0.880	67	0.957	0.893	2.697E-34
WP_142224076.1	GAB4214070.1	0.890	64	0.914	0.889	9.588E-34
WP_142224076.1	WP_414362100.1	0.890	64	0.914	0.853	9.588E-34
WP_142224076.1	WP_168569945.1	0.865	67	0.957	0.931	2.482E-33
WP_142224076.1	WP_414395174.1	0.865	67	0.957	0.893	3.409E-33
WP_142224076.1	WP_015224598.1	0.880	67	0.957	0.931	8.825E-33
WP_142224076.1	ABG51547.1	0.843	64	0.914	0.889	1.212E-32
WP_142224076.1	WP_015229078.1	0.865	67	0.957	0.931	1.212E-32
WP_142224076.1	WP_096607388.1	0.820	67	0.957	0.931	1.212E-32
WP_142224076.1	WP_324632560.1	0.835	67	0.957	0.931	1.212E-32
WP_142224076.1	ABG51546.1	0.843	64	0.914	0.853	1.212E-32
WP_142224076.1	WP_502249006.1	0.835	67	0.957	0.931	1.664E-32
WP_142224076.1	WP_054464971.1	0.875	64	0.914	0.889	2.285E-32
WP_304839272.1	WP_190804824.1	0.814	70	0.986	0.972	3.296E-32
WP_304839272.1	WP_011429717.1	0.846	65	0.915	0.903	4.526E-32
WP_304839272.1	WP_235277851.1	0.846	65	0.915	0.903	4.526E-32
WP_304839272.1	WP_414404485.1	0.846	65	0.915	0.867	4.526E-32
WP_304839272.1	WP_168569945.1	0.846	65	0.915	0.903	6.215E-32
WP_304839272.1	GAB4214070.1	0.800	70	0.986	0.972	1.172E-31
WP_304839272.1	WP_324632560.1	0.830	65	0.915	0.903	1.609E-31
WP_304839272.1	WP_414362100.1	0.830	65	0.915	0.867	1.609E-31
WP_304839272.1	ABG51547.1	0.800	70	0.986	0.972	2.210E-31
WP_304839272.1	WP_502249006.1	0.815	65	0.915	0.903	4.168E-31
WP_304839272.1	WP_414395174.1	0.830	65	0.915	0.867	5.724E-31
WP_304839272.1	WP_054464971.1	0.838	62	0.873	0.861	2.036E-30
WP_304839272.1	WP_096607388.1	0.800	65	0.915	0.903	2.036E-30
WP_304839272.1	WP_015229078.1	0.815	65	0.915	0.903	2.796E-30
WP_304839272.1	WP_015224598.1	0.800	65	0.915	0.903	3.839E-30
WP_394079722.1	WP_011429717.1	0.865	67	0.957	0.931	5.086E-34
WP_394079722.1	WP_190804824.1	0.865	67	0.957	0.931	5.086E-34
WP_394079722.1	WP_235277851.1	0.865	67	0.957	0.931	5.086E-34
WP_394079722.1	WP_414404485.1	0.865	67	0.957	0.893	5.086E-34
WP_394079722.1	GAB4214070.1	0.875	64	0.914	0.889	1.808E-33
WP_394079722.1	WP_414362100.1	0.875	64	0.914	0.853	1.808E-33
WP_394079722.1	WP_168569945.1	0.850	67	0.957	0.931	4.680E-33
WP_394079722.1	WP_414395174.1	0.850	67	0.957	0.893	6.427E-33
WP_394079722.1	ABG51547.1	0.859	64	0.914	0.889	1.212E-32
WP_394079722.1	WP_015229078.1	0.880	67	0.957	0.931	1.212E-32
WP_394079722.1	WP_096607388.1	0.835	67	0.957	0.931	1.212E-32
WP_394079722.1	WP_015224598.1	0.865	67	0.957	0.931	1.664E-32
WP_394079722.1	WP_054464971.1	0.890	64	0.914	0.889	2.285E-32
WP_394079722.1	WP_324632560.1	0.820	67	0.957	0.931	2.285E-32
WP_394079722.1	ABG51546.1	0.828	64	0.914	0.853	2.285E-32
WP_394079722.1	WP_502249006.1	0.820	67	0.957	0.931	3.138E-32
WP_123176516.1	WP_011429717.1	0.855	69	0.958	0.958	2.739E-33
WP_123176516.1	WP_190804824.1	0.855	69	0.958	0.958	2.739E-33
WP_123176516.1	WP_235277851.1	0.855	69	0.958	0.958	2.739E-33
WP_123176516.1	WP_414404485.1	0.855	69	0.958	0.920	2.739E-33
WP_123176516.1	GAB4214070.1	0.840	69	0.958	0.958	9.738E-33
WP_123176516.1	WP_414362100.1	0.840	69	0.958	0.920	9.738E-33
WP_123176516.1	WP_414395174.1	0.840	69	0.958	0.920	3.462E-32
WP_123176516.1	WP_324632560.1	0.826	69	0.958	0.958	1.690E-31
WP_011939686.1	GAB4214070.1	0.855	69	0.958	0.958	1.453E-33
WP_011939686.1	WP_414362100.1	0.855	69	0.958	0.920	1.453E-33
WP_011939686.1	WP_011429717.1	0.840	69	0.958	0.958	7.092E-33
WP_011939686.1	WP_190804824.1	0.840	69	0.958	0.958	7.092E-33
WP_011939686.1	WP_235277851.1	0.840	69	0.958	0.958	7.092E-33
WP_011939686.1	WP_414404485.1	0.840	69	0.958	0.920	7.092E-33
WP_011939686.1	WP_324632560.1	0.835	67	0.931	0.931	8.964E-32
WP_011939686.1	WP_414395174.1	0.826	69	0.958	0.920	8.964E-32
WP_011939686.1	WP_015224598.1	0.820	67	0.931	0.931	1.231E-31
WP_011939686.1	WP_168569945.1	0.843	64	0.889	0.889	1.231E-31
WP_011939686.1	ABG51546.1	0.811	69	0.958	0.920	1.231E-31
WP_011939686.1	WP_015229078.1	0.805	67	0.931	0.931	1.690E-31
WP_011939686.1	ABG51547.1	0.805	67	0.931	0.931	2.321E-31
WP_011939686.1	WP_502249006.1	0.805	67	0.931	0.931	2.321E-31
WP_011939686.1	WP_054464971.1	0.812	64	0.889	0.889	2.936E-30
WP_004569091.1	WP_011429717.1	0.838	68	1.000	0.944	6.781E-31
WP_004569091.1	WP_190804824.1	0.838	68	1.000	0.944	6.781E-31
WP_004569091.1	WP_235277851.1	0.838	68	1.000	0.944	6.781E-31
WP_004569091.1	WP_414404485.1	0.838	68	1.000	0.907	6.781E-31
WP_004569091.1	GAB4214070.1	0.823	68	1.000	0.944	2.412E-30
WP_004569091.1	WP_015224598.1	0.838	68	1.000	0.944	2.412E-30
WP_004569091.1	WP_414362100.1	0.823	68	1.000	0.907	2.412E-30
WP_004569091.1	WP_015229078.1	0.823	68	1.000	0.944	3.313E-30
WP_004569091.1	WP_168569945.1	0.823	68	1.000	0.944	3.313E-30
WP_004569091.1	WP_324632560.1	0.808	68	1.000	0.944	4.550E-30
WP_004569091.1	WP_502249006.1	0.808	68	1.000	0.944	6.248E-30
WP_004569091.1	WP_414395174.1	0.823	68	1.000	0.907	8.581E-30
WP_004569091.1	ABG51547.1	0.808	68	1.000	0.944	2.223E-29
WP_004569091.1	ABG51546.1	0.808	68	1.000	0.907	2.223E-29
WP_018402853.1	WP_011429717.1	0.811	69	0.958	0.958	2.521E-32
WP_018402853.1	WP_190804824.1	0.811	69	0.958	0.958	2.521E-32
WP_018402853.1	WP_235277851.1	0.811	69	0.958	0.958	2.521E-32
WP_018402853.1	WP_414404485.1	0.811	69	0.958	0.920	2.521E-32
WP_176226614.1	WP_011429717.1	0.838	68	1.000	0.944	2.843E-32
WP_176226614.1	WP_190804824.1	0.838	68	1.000	0.944	2.843E-32
WP_176226614.1	WP_235277851.1	0.838	68	1.000	0.944	2.843E-32
WP_176226614.1	WP_414404485.1	0.838	68	1.000	0.907	2.843E-32
WP_176226614.1	GAB4214070.1	0.823	68	1.000	0.944	1.011E-31
WP_176226614.1	WP_414362100.1	0.823	68	1.000	0.907	1.011E-31
WP_176226614.1	WP_168569945.1	0.852	68	1.000	0.944	1.906E-31
WP_176226614.1	WP_015224598.1	0.852	68	1.000	0.944	2.618E-31
WP_176226614.1	WP_015229078.1	0.838	68	1.000	0.944	3.595E-31
WP_176226614.1	WP_414395174.1	0.823	68	1.000	0.907	3.595E-31
WP_176226614.1	WP_324632560.1	0.823	68	1.000	0.944	9.312E-31
WP_176226614.1	WP_502249006.1	0.823	68	1.000	0.944	1.279E-30
WP_092209254.1	WP_011429717.1	0.850	67	0.944	0.931	1.273E-32
WP_092209254.1	WP_190804824.1	0.850	67	0.944	0.931	1.273E-32
WP_092209254.1	WP_235277851.1	0.850	67	0.944	0.931	1.273E-32
WP_092209254.1	WP_414404485.1	0.850	67	0.944	0.893	1.273E-32
WP_092209254.1	GAB4214070.1	0.835	67	0.944	0.931	4.526E-32
WP_092209254.1	WP_414362100.1	0.835	67	0.944	0.893	4.526E-32
WP_092209254.1	WP_168569945.1	0.850	67	0.944	0.931	6.215E-32
WP_092209254.1	WP_015229078.1	0.865	67	0.944	0.931	8.535E-32
WP_092209254.1	WP_015224598.1	0.865	67	0.944	0.931	1.172E-31
WP_092209254.1	WP_414395174.1	0.835	67	0.944	0.893	1.609E-31
WP_092209254.1	WP_324632560.1	0.820	67	0.944	0.931	3.035E-31
WP_092209254.1	WP_502249006.1	0.820	67	0.944	0.931	4.168E-31
WP_092209254.1	ABG51547.1	0.812	64	0.901	0.889	2.036E-30
WP_092209254.1	WP_054464971.1	0.843	64	0.901	0.889	2.796E-30
WP_092209254.1	ABG51546.1	0.812	64	0.901	0.853	3.839E-30
WP_141589788.1	WP_190804824.1	0.843	64	0.865	0.889	9.100E-31
WP_141589788.1	WP_011429717.1	0.841	63	0.851	0.875	2.357E-30
WP_141589788.1	WP_235277851.1	0.841	63	0.851	0.875	2.357E-30
WP_141589788.1	WP_414404485.1	0.841	63	0.851	0.840	2.357E-30
WP_141589788.1	GAB4214070.1	0.828	64	0.865	0.889	3.236E-30
WP_141589788.1	WP_414362100.1	0.825	63	0.851	0.840	8.381E-30
WP_141589788.1	WP_414395174.1	0.825	63	0.851	0.840	2.981E-29
WP_009029464.1	WP_011429717.1	0.800	65	0.929	0.903	1.646E-28
WP_009029464.1	WP_190804824.1	0.800	65	0.929	0.903	1.646E-28
WP_009029464.1	WP_235277851.1	0.800	65	0.929	0.903	1.646E-28
WP_009029464.1	WP_414404485.1	0.800	65	0.929	0.867	1.646E-28
WP_009029464.1	GAB4214070.1	0.809	63	0.900	0.875	3.106E-28
WP_009029464.1	WP_414362100.1	0.809	63	0.900	0.840	3.106E-28
WP_421032811.1	WP_168569945.1	0.826	69	0.958	0.958	5.165E-33
WP_234067215.1	WP_190804824.1	0.859	64	0.865	0.889	9.884E-32
WP_234067215.1	WP_011429717.1	0.857	63	0.851	0.875	2.559E-31
WP_234067215.1	WP_235277851.1	0.857	63	0.851	0.875	2.559E-31
WP_234067215.1	WP_414404485.1	0.857	63	0.851	0.840	2.559E-31
WP_234067215.1	GAB4214070.1	0.843	64	0.865	0.889	3.514E-31
WP_234067215.1	WP_414362100.1	0.841	63	0.851	0.840	9.100E-31
WP_234067215.1	WP_414395174.1	0.841	63	0.851	0.840	3.236E-30
WP_200245878.1	WP_011429717.1	0.840	69	0.958	0.958	5.165E-33
WP_200245878.1	WP_190804824.1	0.840	69	0.958	0.958	5.165E-33
WP_200245878.1	WP_235277851.1	0.840	69	0.958	0.958	5.165E-33
WP_200245878.1	WP_414404485.1	0.840	69	0.958	0.920	5.165E-33
WP_200245878.1	GAB4214070.1	0.826	69	0.958	0.958	1.836E-32
WP_200245878.1	WP_414362100.1	0.826	69	0.958	0.920	1.836E-32
WP_200245878.1	WP_414395174.1	0.826	69	0.958	0.920	6.528E-32
WP_200245878.1	WP_015224598.1	0.811	69	0.958	0.958	8.964E-32
WP_253707812.1	WP_011429717.1	0.855	69	0.958	0.958	1.995E-33
WP_253707812.1	WP_190804824.1	0.855	69	0.958	0.958	1.995E-33
WP_253707812.1	WP_235277851.1	0.855	69	0.958	0.958	1.995E-33
WP_253707812.1	WP_414404485.1	0.855	69	0.958	0.920	1.995E-33
WP_253707812.1	GAB4214070.1	0.840	69	0.958	0.958	7.092E-33
WP_253707812.1	WP_414362100.1	0.840	69	0.958	0.920	7.092E-33
WP_253707812.1	WP_414395174.1	0.840	69	0.958	0.920	2.521E-32
WP_253707812.1	WP_324632560.1	0.826	69	0.958	0.958	1.231E-31
WP_153488019.1	WP_011429717.1	0.884	69	0.986	0.958	1.431E-34
WP_153488019.1	WP_190804824.1	0.884	69	0.986	0.958	1.431E-34
WP_153488019.1	WP_235277851.1	0.884	69	0.986	0.958	1.431E-34
WP_153488019.1	WP_414404485.1	0.884	69	0.986	0.920	1.431E-34
WP_153488019.1	GAB4214070.1	0.869	69	0.986	0.958	5.086E-34
WP_153488019.1	WP_414362100.1	0.869	69	0.986	0.920	5.086E-34
WP_153488019.1	WP_414395174.1	0.869	69	0.986	0.920	1.808E-33
WP_153488019.1	WP_168569945.1	0.850	67	0.957	0.931	4.680E-33
WP_153488019.1	ABG51547.1	0.859	64	0.914	0.889	1.212E-32
WP_153488019.1	WP_096607388.1	0.820	67	0.957	0.931	1.212E-32
WP_153488019.1	WP_324632560.1	0.850	67	0.957	0.931	1.212E-32
WP_153488019.1	ABG51546.1	0.859	64	0.914	0.853	1.212E-32
WP_153488019.1	WP_015224598.1	0.865	67	0.957	0.931	1.664E-32
WP_153488019.1	WP_015229078.1	0.850	67	0.957	0.931	2.285E-32
WP_153488019.1	WP_054464971.1	0.890	64	0.914	0.889	2.285E-32
WP_153488019.1	WP_502249006.1	0.820	67	0.957	0.931	3.138E-32
WP_163833110.1	WP_011429717.1	0.811	69	0.958	0.958	7.092E-33
WP_163833110.1	WP_190804824.1	0.811	69	0.958	0.958	7.092E-33
WP_163833110.1	WP_235277851.1	0.811	69	0.958	0.958	7.092E-33
WP_163833110.1	WP_414404485.1	0.811	69	0.958	0.920	7.092E-33
WP_052562316.1	WP_011429717.1	0.840	69	0.958	0.958	1.058E-33
WP_052562316.1	WP_190804824.1	0.840	69	0.958	0.958	1.058E-33
WP_052562316.1	WP_235277851.1	0.840	69	0.958	0.958	1.058E-33
WP_052562316.1	WP_414404485.1	0.840	69	0.958	0.920	1.058E-33
WP_052562316.1	GAB4214070.1	0.826	69	0.958	0.958	3.761E-33
WP_052562316.1	WP_414362100.1	0.826	69	0.958	0.920	3.761E-33
WP_052562316.1	WP_414395174.1	0.826	69	0.958	0.920	1.337E-32
WP_163836694.1	WP_011429717.1	0.808	68	0.872	0.944	1.516E-30
WP_163836694.1	WP_190804824.1	0.808	68	0.872	0.944	1.516E-30
WP_163836694.1	WP_235277851.1	0.808	68	0.872	0.944	1.516E-30
WP_163836694.1	WP_414404485.1	0.808	68	0.872	0.907	1.516E-30
WP_213372596.1	WP_011429717.1	0.880	67	0.957	0.931	1.042E-34
WP_213372596.1	WP_190804824.1	0.880	67	0.957	0.931	1.042E-34
WP_213372596.1	WP_235277851.1	0.880	67	0.957	0.931	1.042E-34
WP_213372596.1	WP_414404485.1	0.880	67	0.957	0.893	1.042E-34
WP_213372596.1	GAB4214070.1	0.865	67	0.957	0.931	3.704E-34
WP_213372596.1	WP_414362100.1	0.865	67	0.957	0.893	3.704E-34
WP_213372596.1	WP_168569945.1	0.865	67	0.957	0.931	1.317E-33
WP_213372596.1	WP_414395174.1	0.865	67	0.957	0.893	1.317E-33
WP_213372596.1	WP_015224598.1	0.895	67	0.957	0.931	2.482E-33
WP_213372596.1	WP_015229078.1	0.880	67	0.957	0.931	3.409E-33
WP_213372596.1	WP_096607388.1	0.820	67	0.957	0.931	6.427E-33
WP_213372596.1	WP_324632560.1	0.835	67	0.957	0.931	6.427E-33
WP_213372596.1	WP_502249006.1	0.835	67	0.957	0.931	8.825E-33
WP_213372596.1	ABG51547.1	0.843	64	0.914	0.889	1.212E-32
WP_213372596.1	ABG51546.1	0.843	64	0.914	0.853	1.212E-32
WP_213372596.1	WP_054464971.1	0.875	64	0.914	0.889	2.285E-32
WP_165053833.1	WP_011429717.1	0.840	69	0.958	0.958	2.521E-32
WP_165053833.1	WP_190804824.1	0.840	69	0.958	0.958	2.521E-32
WP_165053833.1	WP_235277851.1	0.840	69	0.958	0.958	2.521E-32
WP_165053833.1	WP_414404485.1	0.840	69	0.958	0.920	2.521E-32
WP_165053833.1	WP_015224598.1	0.811	69	0.958	0.958	3.462E-32
WP_165053833.1	GAB4214070.1	0.826	69	0.958	0.958	8.964E-32
WP_165053833.1	WP_414362100.1	0.826	69	0.958	0.920	8.964E-32
WP_165053833.1	WP_414395174.1	0.826	69	0.958	0.920	3.187E-31
WP_165053833.1	WP_324632560.1	0.811	69	0.958	0.958	1.557E-30
WP_310619223.1	WP_011429717.1	0.923	65	0.915	0.903	1.007E-33
WP_310619223.1	WP_190804824.1	0.923	65	0.915	0.903	1.007E-33
WP_310619223.1	WP_235277851.1	0.923	65	0.915	0.903	1.007E-33
WP_310619223.1	WP_414404485.1	0.923	65	0.915	0.867	1.007E-33
WP_310619223.1	GAB4214070.1	0.921	64	0.901	0.889	2.608E-33
WP_310619223.1	WP_414362100.1	0.921	64	0.901	0.853	2.608E-33
WP_310619223.1	WP_168569945.1	0.846	65	0.915	0.903	4.917E-33
WP_310619223.1	WP_324632560.1	0.859	64	0.901	0.889	1.273E-32
WP_310619223.1	WP_414395174.1	0.907	65	0.915	0.867	1.273E-32
WP_310619223.1	WP_054464971.1	0.859	64	0.901	0.889	3.296E-32
WP_310619223.1	WP_502249006.1	0.828	64	0.901	0.889	3.296E-32
WP_310619223.1	WP_096607388.1	0.859	64	0.901	0.889	4.526E-32
WP_310619223.1	ABG51547.1	0.843	64	0.901	0.889	6.215E-32
WP_310619223.1	ABG51546.1	0.859	64	0.901	0.853	6.215E-32
WP_310619223.1	WP_015224598.1	0.843	64	0.901	0.889	2.210E-31
WP_310619223.1	WP_015229078.1	0.828	64	0.901	0.889	3.035E-31
WP_238618220.1	WP_011429717.1	0.805	67	0.931	0.931	1.231E-31
WP_238618220.1	WP_190804824.1	0.805	67	0.931	0.931	1.231E-31
WP_238618220.1	WP_235277851.1	0.805	67	0.931	0.931	1.231E-31
WP_238618220.1	WP_414404485.1	0.805	67	0.931	0.893	1.231E-31
WP_406606980.1	WP_011429717.1	0.898	69	1.000	0.958	3.525E-34
WP_406606980.1	WP_190804824.1	0.898	69	1.000	0.958	3.525E-34
WP_406606980.1	WP_235277851.1	0.898	69	1.000	0.958	3.525E-34
WP_406606980.1	WP_414404485.1	0.898	69	1.000	0.920	3.525E-34
WP_406606980.1	GAB4214070.1	0.884	69	1.000	0.958	1.253E-33
WP_406606980.1	WP_414362100.1	0.884	69	1.000	0.920	1.253E-33
WP_406606980.1	WP_414395174.1	0.884	69	1.000	0.920	4.455E-33
WP_406606980.1	WP_015229078.1	0.852	68	0.986	0.944	1.062E-31
WP_406606980.1	ABG51546.1	0.826	69	1.000	0.920	1.062E-31
WP_406606980.1	ABG51547.1	0.852	68	0.986	0.944	1.459E-31
WP_406606980.1	WP_015224598.1	0.838	68	0.986	0.944	1.459E-31
WP_406606980.1	WP_096607388.1	0.838	68	0.986	0.944	1.459E-31
WP_406606980.1	WP_168569945.1	0.808	68	0.986	0.944	2.003E-31
WP_406606980.1	WP_324632560.1	0.808	68	0.986	0.944	5.188E-31
WP_406606980.1	WP_054464971.1	0.838	68	0.986	0.944	7.124E-31
WP_084068413.1	WP_011429717.1	0.811	69	0.958	0.958	7.092E-33
WP_084068413.1	WP_190804824.1	0.811	69	0.958	0.958	7.092E-33
WP_084068413.1	WP_235277851.1	0.811	69	0.958	0.958	7.092E-33
WP_084068413.1	WP_414404485.1	0.811	69	0.958	0.920	7.092E-33
WP_068866927.1	WP_168569945.1	0.897	68	1.000	0.944	1.507E-32
WP_068866927.1	WP_502249006.1	0.867	68	1.000	0.944	1.011E-31
WP_068866927.1	WP_011429717.1	0.823	68	1.000	0.944	1.388E-31
WP_068866927.1	WP_190804824.1	0.823	68	1.000	0.944	1.388E-31
WP_068866927.1	WP_235277851.1	0.823	68	1.000	0.944	1.388E-31
WP_068866927.1	WP_324632560.1	0.838	68	1.000	0.944	1.388E-31
WP_068866927.1	WP_414404485.1	0.823	68	1.000	0.907	1.388E-31
WP_068866927.1	WP_015224598.1	0.852	68	1.000	0.944	3.595E-31
WP_068866927.1	GAB4214070.1	0.808	68	1.000	0.944	4.938E-31
WP_068866927.1	WP_015229078.1	0.838	68	1.000	0.944	4.938E-31
WP_068866927.1	WP_414362100.1	0.808	68	1.000	0.907	4.938E-31
WP_068866927.1	WP_414395174.1	0.808	68	1.000	0.907	1.756E-30
WP_068866927.1	ABG51546.1	0.808	68	1.000	0.907	4.550E-30
WP_009915627.1	WP_190804824.1	0.814	70	0.959	0.972	1.404E-32
WP_009915627.1	WP_011429717.1	0.823	68	0.932	0.944	2.648E-32
WP_009915627.1	WP_235277851.1	0.823	68	0.932	0.944	2.648E-32
WP_009915627.1	WP_414404485.1	0.823	68	0.932	0.907	2.648E-32
WP_009915627.1	GAB4214070.1	0.800	70	0.959	0.972	4.992E-32
WP_009915627.1	WP_168569945.1	0.808	68	0.932	0.944	6.855E-32
WP_009915627.1	WP_414362100.1	0.808	68	0.932	0.907	9.413E-32
WP_009915627.1	WP_324632560.1	0.808	68	0.932	0.944	1.775E-31
WP_009915627.1	WP_414395174.1	0.808	68	0.932	0.907	3.347E-31
WP_110022885.1	WP_168569945.1	0.867	68	1.000	0.944	1.098E-32
WP_110022885.1	WP_011429717.1	0.852	68	1.000	0.944	2.843E-32
WP_110022885.1	WP_190804824.1	0.852	68	1.000	0.944	2.843E-32
WP_110022885.1	WP_235277851.1	0.852	68	1.000	0.944	2.843E-32
WP_110022885.1	WP_414404485.1	0.852	68	1.000	0.907	2.843E-32
WP_110022885.1	WP_324632560.1	0.838	68	1.000	0.944	5.361E-32
WP_110022885.1	WP_502249006.1	0.838	68	1.000	0.944	7.362E-32
WP_110022885.1	GAB4214070.1	0.838	68	1.000	0.944	1.011E-31
WP_110022885.1	WP_414362100.1	0.838	68	1.000	0.907	1.011E-31
WP_110022885.1	WP_015224598.1	0.852	68	1.000	0.944	1.388E-31
WP_110022885.1	WP_015229078.1	0.838	68	1.000	0.944	1.906E-31
WP_110022885.1	WP_414395174.1	0.838	68	1.000	0.907	3.595E-31
WP_295391135.1	WP_011429717.1	0.826	69	0.958	0.958	4.754E-32
WP_295391135.1	WP_190804824.1	0.826	69	0.958	0.958	4.754E-32
WP_295391135.1	WP_235277851.1	0.826	69	0.958	0.958	4.754E-32
WP_295391135.1	WP_414404485.1	0.826	69	0.958	0.920	4.754E-32
WP_295391135.1	GAB4214070.1	0.811	69	0.958	0.958	1.690E-31
WP_295391135.1	WP_414362100.1	0.811	69	0.958	0.920	1.690E-31
WP_295391135.1	WP_414395174.1	0.811	69	0.958	0.920	6.011E-31
WP_295391135.1	WP_096607388.1	0.809	63	0.875	0.875	1.434E-29
WP_169565185.1	WP_011429717.1	0.811	69	0.958	0.958	3.187E-31
WP_169565185.1	WP_190804824.1	0.811	69	0.958	0.958	3.187E-31
WP_169565185.1	WP_235277851.1	0.811	69	0.958	0.958	3.187E-31
WP_169565185.1	WP_414404485.1	0.811	69	0.958	0.920	3.187E-31
WP_132034394.1	WP_011429717.1	0.869	69	0.986	0.958	1.431E-34
WP_132034394.1	WP_190804824.1	0.869	69	0.986	0.958	1.431E-34
WP_132034394.1	WP_235277851.1	0.869	69	0.986	0.958	1.431E-34
WP_132034394.1	WP_414404485.1	0.869	69	0.986	0.920	1.431E-34
WP_132034394.1	GAB4214070.1	0.855	69	0.986	0.958	5.086E-34
WP_132034394.1	WP_414362100.1	0.855	69	0.986	0.920	5.086E-34
WP_132034394.1	WP_414395174.1	0.855	69	0.986	0.920	1.808E-33
WP_132034394.1	WP_168569945.1	0.865	67	0.957	0.931	2.482E-33
WP_132034394.1	WP_015224598.1	0.880	67	0.957	0.931	8.825E-33
WP_132034394.1	ABG51547.1	0.843	64	0.914	0.889	1.212E-32
WP_132034394.1	WP_015229078.1	0.865	67	0.957	0.931	1.212E-32
WP_132034394.1	WP_096607388.1	0.820	67	0.957	0.931	1.212E-32
WP_132034394.1	WP_324632560.1	0.835	67	0.957	0.931	1.212E-32
WP_132034394.1	ABG51546.1	0.843	64	0.914	0.853	1.212E-32
WP_132034394.1	WP_502249006.1	0.835	67	0.957	0.931	1.664E-32
WP_132034394.1	WP_054464971.1	0.875	64	0.914	0.889	2.285E-32
WP_218806347.1	WP_168569945.1	0.811	69	0.958	0.958	7.092E-33
WP_218806347.1	WP_011429717.1	0.811	69	0.958	0.958	1.337E-32
WP_218806347.1	WP_190804824.1	0.811	69	0.958	0.958	1.337E-32
WP_218806347.1	WP_235277851.1	0.811	69	0.958	0.958	1.337E-32
WP_218806347.1	WP_414404485.1	0.811	69	0.958	0.920	1.337E-32
WP_024336577.1	WP_168569945.1	0.865	67	0.971	0.931	2.363E-33
WP_024336577.1	WP_011429717.1	0.855	69	1.000	0.958	6.117E-33
WP_024336577.1	WP_190804824.1	0.855	69	1.000	0.958	6.117E-33
WP_024336577.1	WP_235277851.1	0.855	69	1.000	0.958	6.117E-33
WP_024336577.1	WP_324632560.1	0.865	67	0.971	0.931	6.117E-33
WP_024336577.1	WP_414404485.1	0.855	69	1.000	0.920	6.117E-33
WP_024336577.1	WP_502249006.1	0.835	67	0.971	0.931	1.584E-32
WP_024336577.1	GAB4214070.1	0.840	69	1.000	0.958	2.175E-32
WP_024336577.1	WP_414362100.1	0.840	69	1.000	0.920	2.175E-32
WP_024336577.1	WP_096607388.1	0.820	67	0.971	0.931	4.102E-32
WP_024336577.1	WP_015229078.1	0.835	67	0.971	0.931	5.632E-32
WP_024336577.1	WP_015224598.1	0.835	67	0.971	0.931	7.735E-32
WP_024336577.1	WP_414395174.1	0.840	69	1.000	0.920	7.735E-32
WP_024336577.1	WP_054464971.1	0.833	66	0.957	0.917	2.003E-31
WP_024336577.1	ABG51547.1	0.843	64	0.928	0.889	3.777E-31
WP_024336577.1	ABG51546.1	0.811	69	1.000	0.920	3.777E-31
WP_024336577.1	WP_335072082.1	0.805	67	0.971	0.859	5.188E-31
WP_129629567.1	WP_011429717.1	0.830	71	1.000	0.986	1.503E-34
WP_129629567.1	WP_190804824.1	0.830	71	1.000	0.986	1.503E-34
WP_129629567.1	WP_235277851.1	0.830	71	1.000	0.986	1.503E-34
WP_129629567.1	WP_414404485.1	0.830	71	1.000	0.947	1.503E-34
WP_129629567.1	GAB4214070.1	0.816	71	1.000	0.986	5.343E-34
WP_129629567.1	WP_414362100.1	0.816	71	1.000	0.947	5.343E-34
WP_129629567.1	WP_414395174.1	0.816	71	1.000	0.947	1.899E-33
WP_129629567.1	WP_168569945.1	0.865	67	0.944	0.931	3.581E-33
WP_129629567.1	ABG51547.1	0.859	64	0.901	0.889	1.748E-32
WP_129629567.1	WP_015229078.1	0.835	67	0.944	0.931	1.748E-32
WP_129629567.1	WP_096607388.1	0.820	67	0.944	0.931	1.748E-32
WP_129629567.1	WP_015224598.1	0.820	67	0.944	0.931	2.400E-32
WP_129629567.1	WP_054464971.1	0.820	67	0.944	0.931	2.400E-32
WP_129629567.1	WP_502249006.1	0.835	67	0.944	0.931	2.400E-32
WP_129629567.1	WP_324632560.1	0.805	67	0.944	0.931	3.296E-32
WP_129629567.1	WP_335072082.1	0.805	67	0.944	0.859	8.535E-32
WP_100923022.1	WP_168569945.1	0.811	69	0.958	0.958	8.254E-31
WP_097650585.1	WP_011429717.1	0.898	69	1.000	0.958	9.917E-35
WP_097650585.1	WP_190804824.1	0.898	69	1.000	0.958	9.917E-35
WP_097650585.1	WP_235277851.1	0.898	69	1.000	0.958	9.917E-35
WP_097650585.1	WP_414404485.1	0.898	69	1.000	0.920	9.917E-35
WP_097650585.1	GAB4214070.1	0.884	69	1.000	0.958	3.525E-34
WP_097650585.1	WP_414362100.1	0.884	69	1.000	0.920	3.525E-34
WP_097650585.1	WP_414395174.1	0.884	69	1.000	0.920	1.253E-33
WP_097650585.1	ABG51546.1	0.811	69	1.000	0.920	1.153E-32
WP_097650585.1	WP_054464971.1	0.859	64	0.928	0.889	1.584E-32
WP_097650585.1	WP_096607388.1	0.835	67	0.971	0.931	1.584E-32
WP_097650585.1	WP_168569945.1	0.805	67	0.971	0.931	2.175E-32
WP_097650585.1	ABG51547.1	0.843	64	0.928	0.889	2.987E-32
WP_097650585.1	WP_015224598.1	0.820	67	0.971	0.931	4.102E-32
WP_097650585.1	WP_015229078.1	0.805	67	0.971	0.931	5.632E-32
WP_097650585.1	WP_324632560.1	0.805	67	0.971	0.931	5.632E-32
WP_338255845.1	WP_011429717.1	0.803	66	0.868	0.917	5.318E-31
WP_338255845.1	WP_190804824.1	0.803	66	0.868	0.917	5.318E-31
WP_338255845.1	WP_235277851.1	0.803	66	0.868	0.917	5.318E-31
WP_338255845.1	WP_414404485.1	0.803	66	0.868	0.880	5.318E-31
WP_338255845.1	WP_414362100.1	0.825	63	0.829	0.840	1.891E-30
WP_085772564.1	WP_011429717.1	0.840	69	0.958	0.958	7.092E-33
WP_085772564.1	WP_190804824.1	0.840	69	0.958	0.958	7.092E-33
WP_085772564.1	WP_235277851.1	0.840	69	0.958	0.958	7.092E-33
WP_085772564.1	WP_414404485.1	0.840	69	0.958	0.920	7.092E-33
WP_085772564.1	WP_015224598.1	0.811	69	0.958	0.958	9.738E-33
WP_085772564.1	GAB4214070.1	0.826	69	0.958	0.958	2.521E-32
WP_085772564.1	WP_414362100.1	0.826	69	0.958	0.920	2.521E-32
WP_085772564.1	WP_414395174.1	0.826	69	0.958	0.920	8.964E-32
WP_085772564.1	WP_324632560.1	0.811	69	0.958	0.958	4.377E-31
WP_021013972.1	WP_011429717.1	0.826	69	0.958	0.958	5.165E-33
WP_021013972.1	WP_190804824.1	0.826	69	0.958	0.958	5.165E-33
WP_021013972.1	WP_235277851.1	0.826	69	0.958	0.958	5.165E-33
WP_021013972.1	WP_414404485.1	0.826	69	0.958	0.920	5.165E-33
WP_021013972.1	GAB4214070.1	0.811	69	0.958	0.958	1.836E-32
WP_021013972.1	WP_414362100.1	0.811	69	0.958	0.920	1.836E-32
WP_021013972.1	WP_054464971.1	0.811	69	0.958	0.958	6.528E-32
WP_021013972.1	WP_414395174.1	0.811	69	0.958	0.920	6.528E-32
WP_165227581.1	WP_011429717.1	0.811	69	0.958	0.958	5.165E-33
WP_165227581.1	WP_190804824.1	0.811	69	0.958	0.958	5.165E-33
WP_165227581.1	WP_235277851.1	0.811	69	0.958	0.958	5.165E-33
WP_165227581.1	WP_414404485.1	0.811	69	0.958	0.920	5.165E-33
WP_165227581.1	WP_168569945.1	0.811	69	0.958	0.958	6.528E-32
WP_015500562.1	WP_011429717.1	0.835	67	1.000	0.931	2.140E-33
WP_015500562.1	WP_190804824.1	0.835	67	1.000	0.931	2.140E-33
WP_015500562.1	WP_235277851.1	0.835	67	1.000	0.931	2.140E-33
WP_015500562.1	WP_414404485.1	0.835	67	1.000	0.893	2.140E-33
WP_015500562.1	WP_168569945.1	0.850	67	1.000	0.931	4.034E-33
WP_015500562.1	WP_324632560.1	0.850	67	1.000	0.931	5.540E-33
WP_015500562.1	GAB4214070.1	0.820	67	1.000	0.931	7.607E-33
WP_015500562.1	WP_502249006.1	0.850	67	1.000	0.931	7.607E-33
WP_015500562.1	WP_414362100.1	0.820	67	1.000	0.893	7.607E-33
WP_015500562.1	WP_054464971.1	0.848	66	0.985	0.917	1.045E-32
WP_015500562.1	WP_414395174.1	0.820	67	1.000	0.893	2.705E-32
WP_015500562.1	WP_015229078.1	0.850	67	1.000	0.931	3.715E-32
WP_015500562.1	WP_015224598.1	0.835	67	1.000	0.931	5.101E-32
WP_015500562.1	ABG51547.1	0.828	64	0.955	0.889	7.006E-32
WP_085933344.1	WP_011429717.1	0.869	69	0.986	0.958	3.704E-34
WP_085933344.1	WP_190804824.1	0.869	69	0.986	0.958	3.704E-34
WP_085933344.1	WP_235277851.1	0.869	69	0.986	0.958	3.704E-34
WP_085933344.1	WP_414404485.1	0.869	69	0.986	0.920	3.704E-34
WP_085933344.1	GAB4214070.1	0.855	69	0.986	0.958	1.317E-33
WP_085933344.1	WP_414362100.1	0.855	69	0.986	0.920	1.317E-33
WP_085933344.1	WP_414395174.1	0.855	69	0.986	0.920	4.680E-33
WP_085933344.1	WP_168569945.1	0.865	67	0.957	0.931	6.427E-33
WP_085933344.1	WP_054464971.1	0.859	64	0.914	0.889	1.664E-32
WP_085933344.1	WP_015224598.1	0.850	67	0.957	0.931	2.285E-32
WP_085933344.1	WP_015229078.1	0.835	67	0.957	0.931	3.138E-32
WP_085933344.1	WP_096607388.1	0.820	67	0.957	0.931	3.138E-32
WP_085933344.1	WP_324632560.1	0.835	67	0.957	0.931	3.138E-32
WP_085933344.1	WP_502249006.1	0.835	67	0.957	0.931	4.309E-32
WP_085933344.1	ABG51547.1	0.812	64	0.914	0.889	5.917E-32
WP_085933344.1	ABG51546.1	0.812	64	0.914	0.853	5.917E-32
WP_257743183.1	GAB4214070.1	0.803	61	0.884	0.847	1.700E-29
WP_257743183.1	WP_414362100.1	0.803	61	0.884	0.813	1.700E-29
WP_257743183.1	WP_015229078.1	0.852	61	0.884	0.847	1.141E-28
WP_257743183.1	WP_015224598.1	0.836	61	0.884	0.847	1.568E-28
WP_304892876.1	WP_011429717.1	0.826	69	0.958	0.958	3.761E-33
WP_304892876.1	WP_190804824.1	0.826	69	0.958	0.958	3.761E-33
WP_304892876.1	WP_235277851.1	0.826	69	0.958	0.958	3.761E-33
WP_304892876.1	WP_414404485.1	0.826	69	0.958	0.920	3.761E-33
WP_304892876.1	GAB4214070.1	0.811	69	0.958	0.958	1.337E-32
WP_304892876.1	WP_414362100.1	0.811	69	0.958	0.920	1.337E-32
WP_304892876.1	WP_414395174.1	0.811	69	0.958	0.920	4.754E-32
WP_304892876.1	WP_054464971.1	0.811	69	0.958	0.958	1.231E-31
WP_010109838.1	WP_190804824.1	0.828	70	0.959	0.972	2.095E-33
WP_010109838.1	WP_011429717.1	0.826	69	0.945	0.958	5.424E-33
WP_010109838.1	WP_235277851.1	0.826	69	0.945	0.958	5.424E-33
WP_010109838.1	WP_414404485.1	0.826	69	0.945	0.920	5.424E-33
WP_010109838.1	GAB4214070.1	0.814	70	0.959	0.972	7.448E-33
WP_010109838.1	WP_168569945.1	0.811	69	0.945	0.958	1.404E-32
WP_010109838.1	WP_414362100.1	0.811	69	0.945	0.920	1.928E-32
WP_010109838.1	WP_324632560.1	0.811	69	0.945	0.958	3.636E-32
WP_010109838.1	WP_414395174.1	0.811	69	0.945	0.920	6.855E-32
WP_421708292.1	GAB4214070.1	0.823	68	0.810	0.944	8.482E-32
WP_421708292.1	WP_011429717.1	0.823	68	0.810	0.944	8.482E-32
WP_421708292.1	WP_190804824.1	0.823	68	0.810	0.944	8.482E-32
WP_421708292.1	WP_235277851.1	0.823	68	0.810	0.944	8.482E-32
WP_421708292.1	WP_414362100.1	0.823	68	0.810	0.907	8.482E-32
WP_421708292.1	WP_414404485.1	0.823	68	0.810	0.907	8.482E-32
WP_421708292.1	WP_414395174.1	0.808	68	0.810	0.907	1.071E-30
WP_090488909.1	WP_190804824.1	0.828	64	0.865	0.889	3.236E-30
WP_090488909.1	WP_011429717.1	0.838	62	0.838	0.861	6.103E-30
WP_090488909.1	WP_235277851.1	0.838	62	0.838	0.861	6.103E-30
WP_090488909.1	WP_414404485.1	0.838	62	0.838	0.827	6.103E-30
WP_090488909.1	GAB4214070.1	0.812	64	0.865	0.889	1.151E-29
WP_090488909.1	WP_414362100.1	0.822	62	0.838	0.827	2.171E-29
WP_090488909.1	WP_414395174.1	0.822	62	0.838	0.827	7.721E-29
WP_006616598.1	WP_168569945.1	0.888	72	1.000	1.000	3.828E-37
WP_006616598.1	WP_011429717.1	0.902	72	1.000	1.000	5.255E-37
WP_006616598.1	WP_414404485.1	0.902	72	1.000	0.960	5.255E-37
WP_006616598.1	WP_293160100.1	0.902	72	1.000	0.800	7.215E-37
WP_006616598.1	WP_190804824.1	0.901	71	0.986	0.986	1.867E-36
WP_006616598.1	WP_235277851.1	0.901	71	0.986	0.986	1.867E-36
WP_006616598.1	WP_324632560.1	0.861	72	1.000	1.000	1.867E-36
WP_006616598.1	WP_414362100.1	0.888	72	1.000	0.960	1.867E-36
WP_006616598.1	WP_054464971.1	0.873	71	0.986	0.986	4.832E-36
WP_006616598.1	GAB4214070.1	0.887	71	0.986	0.986	6.634E-36
WP_006616598.1	WP_414395174.1	0.888	72	1.000	0.960	6.634E-36
WP_006616598.1	WP_096607388.1	0.873	71	0.986	0.986	1.250E-35
WP_006616598.1	WP_502249006.1	0.845	71	0.986	0.986	1.250E-35
WP_006616598.1	WP_202218625.1	0.875	72	1.000	0.800	1.250E-35
WP_006616598.1	WP_293087767.1	0.875	72	1.000	0.800	1.250E-35
WP_006616598.1	WP_335072082.1	0.833	72	1.000	0.923	3.236E-35
WP_006616598.1	ABG51547.1	0.859	71	0.986	0.986	6.101E-35
WP_006616598.1	WP_015229078.1	0.859	71	0.986	0.986	6.101E-35
WP_006616598.1	WP_015224598.1	0.845	71	0.986	0.986	8.377E-35
WP_006616598.1	ABG51546.1	0.842	70	0.972	0.933	8.377E-35
WP_006616598.1	WP_298916699.1	0.805	72	1.000	0.960	1.579E-34
WP_104509441.1	ABG51547.1	0.828	64	0.914	0.889	3.369E-29
WP_104509441.1	WP_054464971.1	0.812	64	0.914	0.889	3.369E-29
WP_126462316.1	WP_011429717.1	0.882	68	1.000	0.944	2.249E-33
WP_126462316.1	WP_190804824.1	0.882	68	1.000	0.944	2.249E-33
WP_126462316.1	WP_235277851.1	0.882	68	1.000	0.944	2.249E-33
WP_126462316.1	WP_414404485.1	0.882	68	1.000	0.907	2.249E-33
WP_126462316.1	GAB4214070.1	0.867	68	1.000	0.944	7.994E-33
WP_126462316.1	WP_414362100.1	0.867	68	1.000	0.907	7.994E-33
WP_126462316.1	WP_015224598.1	0.852	68	1.000	0.944	1.507E-32
WP_126462316.1	WP_015229078.1	0.838	68	1.000	0.944	2.070E-32
WP_126462316.1	WP_168569945.1	0.838	68	1.000	0.944	2.070E-32
WP_126462316.1	WP_414395174.1	0.867	68	1.000	0.907	2.843E-32
WP_126462316.1	ABG51547.1	0.852	68	1.000	0.944	7.362E-32
WP_126462316.1	ABG51546.1	0.852	68	1.000	0.907	7.362E-32
WP_126462316.1	WP_324632560.1	0.808	68	1.000	0.944	1.011E-31
WP_126462316.1	WP_502249006.1	0.808	68	1.000	0.944	1.388E-31
WP_126462316.1	WP_054464971.1	0.808	68	1.000	0.944	2.618E-31
WP_020175973.1	GAB4214070.1	0.826	69	0.958	0.958	7.092E-33
WP_020175973.1	WP_011429717.1	0.826	69	0.958	0.958	7.092E-33
WP_020175973.1	WP_190804824.1	0.826	69	0.958	0.958	7.092E-33
WP_020175973.1	WP_235277851.1	0.826	69	0.958	0.958	7.092E-33
WP_020175973.1	WP_414362100.1	0.826	69	0.958	0.920	7.092E-33
WP_020175973.1	WP_414404485.1	0.826	69	0.958	0.920	7.092E-33
WP_020175973.1	WP_324632560.1	0.826	69	0.958	0.958	6.528E-32
WP_020175973.1	WP_414395174.1	0.811	69	0.958	0.920	8.964E-32
WP_238625541.1	WP_011429717.1	0.820	67	0.931	0.931	8.964E-32
WP_238625541.1	WP_190804824.1	0.820	67	0.931	0.931	8.964E-32
WP_238625541.1	WP_235277851.1	0.820	67	0.931	0.931	8.964E-32
WP_238625541.1	WP_414404485.1	0.820	67	0.931	0.893	8.964E-32
WP_238625541.1	WP_015224598.1	0.808	68	0.944	0.944	1.231E-31
WP_238625541.1	GAB4214070.1	0.805	67	0.931	0.931	3.187E-31
WP_238625541.1	WP_414362100.1	0.805	67	0.931	0.893	3.187E-31
WP_238625541.1	WP_414395174.1	0.805	67	0.931	0.893	1.134E-30
WP_416108847.1	WP_011429717.1	0.826	69	0.958	0.958	1.453E-33
WP_416108847.1	WP_190804824.1	0.826	69	0.958	0.958	1.453E-33
WP_416108847.1	WP_235277851.1	0.826	69	0.958	0.958	1.453E-33
WP_416108847.1	WP_414404485.1	0.826	69	0.958	0.920	1.453E-33
WP_416108847.1	GAB4214070.1	0.811	69	0.958	0.958	5.165E-33
WP_416108847.1	WP_414362100.1	0.811	69	0.958	0.920	5.165E-33
WP_416108847.1	WP_015229078.1	0.811	69	0.958	0.958	1.836E-32
WP_416108847.1	WP_414395174.1	0.811	69	0.958	0.920	1.836E-32
WP_426749826.1	WP_190804824.1	0.843	64	0.865	0.889	9.100E-31
WP_426749826.1	WP_011429717.1	0.841	63	0.851	0.875	2.357E-30
WP_426749826.1	WP_235277851.1	0.841	63	0.851	0.875	2.357E-30
WP_426749826.1	WP_414404485.1	0.841	63	0.851	0.840	2.357E-30
WP_426749826.1	GAB4214070.1	0.828	64	0.865	0.889	3.236E-30
WP_426749826.1	WP_414362100.1	0.825	63	0.851	0.840	8.381E-30
WP_426749826.1	WP_414395174.1	0.825	63	0.851	0.840	2.981E-29
WP_020503491.1	WP_011429717.1	0.811	69	0.958	0.958	6.528E-32
WP_020503491.1	WP_190804824.1	0.811	69	0.958	0.958	6.528E-32
WP_020503491.1	WP_235277851.1	0.811	69	0.958	0.958	6.528E-32
WP_020503491.1	WP_414404485.1	0.811	69	0.958	0.920	6.528E-32
WP_020503491.1	WP_096607388.1	0.809	63	0.875	0.875	1.969E-29
WP_119169329.1	GAB4214070.1	0.823	68	0.810	0.944	8.482E-32
WP_119169329.1	WP_011429717.1	0.823	68	0.810	0.944	8.482E-32
WP_119169329.1	WP_190804824.1	0.823	68	0.810	0.944	8.482E-32
WP_119169329.1	WP_414362100.1	0.823	68	0.810	0.907	8.482E-32
WP_119169329.1	WP_414404485.1	0.823	68	0.810	0.907	8.482E-32
WP_119169329.1	WP_414395174.1	0.808	68	0.810	0.907	1.071E-30
WP_379640496.1	GAB4214070.1	0.846	65	0.867	0.903	1.113E-28
WP_379640496.1	WP_414362100.1	0.843	64	0.853	0.853	2.883E-28
WP_379640496.1	WP_190804824.1	0.830	65	0.867	0.903	5.437E-28
WP_379640496.1	WP_011429717.1	0.828	64	0.853	0.889	1.409E-27
WP_379640496.1	WP_235277851.1	0.828	64	0.853	0.889	1.409E-27
WP_379640496.1	WP_414404485.1	0.828	64	0.853	0.853	1.409E-27
WP_379640496.1	WP_096607388.1	0.819	61	0.813	0.847	6.884E-27
WP_379640496.1	WP_414395174.1	0.812	64	0.853	0.853	1.784E-26
WP_058557733.1	GAB4214070.1	0.811	69	0.958	0.958	3.462E-32
WP_058557733.1	WP_011429717.1	0.811	69	0.958	0.958	3.462E-32
WP_058557733.1	WP_190804824.1	0.811	69	0.958	0.958	3.462E-32
WP_058557733.1	WP_235277851.1	0.811	69	0.958	0.958	3.462E-32
WP_058557733.1	WP_414362100.1	0.811	69	0.958	0.920	3.462E-32
WP_058557733.1	WP_414404485.1	0.811	69	0.958	0.920	3.462E-32
WP_058557733.1	WP_324632560.1	0.811	69	0.958	0.958	8.964E-32
WP_006871719.1	WP_011429717.1	0.811	69	0.958	0.958	4.754E-32
WP_006871719.1	WP_190804824.1	0.811	69	0.958	0.958	4.754E-32
WP_006871719.1	WP_235277851.1	0.811	69	0.958	0.958	4.754E-32
WP_006871719.1	WP_414404485.1	0.811	69	0.958	0.920	4.754E-32
WP_215820231.1	WP_011429717.1	0.826	69	0.958	0.958	9.738E-33
WP_215820231.1	WP_190804824.1	0.826	69	0.958	0.958	9.738E-33
WP_215820231.1	WP_235277851.1	0.826	69	0.958	0.958	9.738E-33
WP_215820231.1	WP_414404485.1	0.826	69	0.958	0.920	9.738E-33
WP_215820231.1	GAB4214070.1	0.811	69	0.958	0.958	3.462E-32
WP_215820231.1	WP_414362100.1	0.811	69	0.958	0.920	3.462E-32
WP_215820231.1	WP_015229078.1	0.811	69	0.958	0.958	1.231E-31
WP_215820231.1	WP_414395174.1	0.811	69	0.958	0.920	1.231E-31
